Date,Close_x,Averageclose_x,Averagevolume_x,Close_y,Averageclose_y,Averagevolume_y
2016-01-01,434.33,,,0.948024,,
2016-01-02,433.44,,,0.937124,,
2016-01-03,430.01,,,0.971905,,
2016-01-04,433.09,,,0.95448,,
2016-01-05,431.96,432.566,35801880.0,0.950176,0.9523417999999999,287055.2
2016-01-06,429.11,431.52200000000005,35354600.0,0.95086,0.952909,307601.0
2016-01-07,458.05,436.4440000000001,46847720.0,0.942005,0.9538852,385992.6
2016-01-08,453.23,441.0880000000001,50319560.0,0.986789,0.9568619999999999,413586.2
2016-01-09,447.61,443.9920000000001,49079660.0,0.986833,0.9633325999999999,389593.4
2016-01-10,447.99,447.19800000000015,49374320.0,0.999231,0.9731435999999999,423804.4
2016-01-11,448.43,451.06200000000007,50655820.0,1.06,0.9949715999999998,564430.2
2016-01-12,435.69,446.59000000000003,56264780.0,1.14,1.0345706,1014689.8
2016-01-13,432.37,442.418,79643780.0,1.13,1.0632127999999998,1106751.8
2016-01-14,430.31,438.95799999999997,81977280.0,1.19,1.1038461999999998,1211887.8
2016-01-15,364.33,422.226,105448300.0,1.21,1.1459999999999997,1915820.2
2016-01-16,387.54,410.04800000000006,121428700.0,1.22,1.1779999999999997,2205962.2
2016-01-17,382.3,399.37000000000006,107371220.0,1.33,1.2159999999999997,1860440.2
2016-01-18,387.17,390.3300000000001,83474400.0,1.43,1.2759999999999998,2515044.2
2016-01-19,380.15,380.2980000000001,84049260.0,1.37,1.3119999999999998,2854000.0
2016-01-20,420.23,391.4780000000002,77723060.0,1.53,1.3759999999999997,2658534.0
2016-01-21,410.26,396.0220000000001,67320260.0,1.55,1.4419999999999997,2489000.0
2016-01-22,382.49,396.06000000000006,76565660.0,1.5,1.4759999999999995,2568218.0
2016-01-23,387.49,396.1240000000001,76934360.0,1.97,1.5839999999999996,3186628.0
2016-01-24,402.97,400.688,78535360.0,2.14,1.7379999999999995,4631234.0
2016-01-25,391.73,394.988,66003840.0,2.5,1.9319999999999997,6192450.0
2016-01-26,392.15,391.36600000000004,63965640.0,2.28,2.0779999999999994,8657298.0
2016-01-27,394.97,393.862,55141200.0,2.39,2.2559999999999993,9736066.0
2016-01-28,380.29,392.4220000000001,55741300.0,2.53,2.3679999999999994,9242640.0
2016-01-29,379.47,387.7220000000001,62001400.0,2.49,2.4379999999999993,8641154.0
2016-01-30,378.25,385.0260000000001,56245800.0,2.45,2.4279999999999995,7238310.0
2016-01-31,368.77,380.3500000000001,52195260.0,2.31,2.4339999999999997,5619970.0
2016-02-01,373.06,375.9680000000001,53041720.0,2.21,2.3979999999999997,5026574.0
2016-02-02,374.45,374.80000000000007,49267880.0,2.44,2.38,4736058.0
2016-02-03,369.95,372.8960000000001,41229500.0,2.53,2.3879999999999995,4201140.0
2016-02-04,389.59,375.16400000000004,49029720.0,2.58,2.4139999999999993,4166588.0
2016-02-05,386.55,378.7200000000001,50215860.0,2.54,2.459999999999999,3524428.0
2016-02-06,376.52,379.4120000000001,49734380.0,2.53,2.5239999999999987,3109856.0
2016-02-07,376.62,379.84600000000006,49073900.0,2.96,2.6279999999999992,3821014.0
2016-02-08,373.45,380.54600000000005,49421440.0,3.18,2.7579999999999996,4968602.0
2016-02-09,376.03,377.83400000000006,46628040.0,4.04,3.05,7848938.0
2016-02-10,381.65,376.85400000000004,54889220.0,4.44,3.4299999999999997,13049678.0
2016-02-11,379.65,377.48,59914480.0,6.01,4.1259999999999994,17947070.0
2016-02-12,384.26,379.008,65907780.0,5.55,4.643999999999999,21217818.0
2016-02-13,391.86,382.69,68755900.0,5.39,5.085999999999999,24116440.0
2016-02-14,407.23,388.93000000000006,72586160.0,5.24,5.325999999999999,22770940.0
2016-02-15,400.19,392.63800000000003,70374080.0,5.29,5.495999999999999,19829700.0
2016-02-16,407.49,398.206,70117580.0,4.32,5.157999999999999,17725880.0
2016-02-17,416.32,404.61800000000005,73347740.0,3.76,4.799999999999998,16143920.0
2016-02-18,422.37,410.7200000000001,76315920.0,4.4,4.6019999999999985,14710960.0
2016-02-19,420.79,413.4320000000001,72564220.0,4.74,4.501999999999998,13998924.0
2016-02-20,437.16,420.826,76548540.0,4.34,4.3119999999999985,12938302.0
2016-02-21,438.8,427.0880000000001,79894060.0,4.65,4.377999999999998,11043192.0
2016-02-22,437.75,431.3740000000001,80332380.0,5.62,4.749999999999998,10964232.0
2016-02-23,420.74,431.0480000000001,82030840.0,5.59,4.987999999999998,10229552.0
2016-02-24,424.95,431.8800000000001,84437320.0,6.24,5.2879999999999985,10981588.0
2016-02-25,424.54,429.3560000000001,79798500.0,6.1,5.639999999999999,13549730.0
2016-02-26,432.15,428.0260000000001,74131560.0,5.92,5.893999999999998,14172392.0
2016-02-27,432.52,426.98000000000013,65433240.0,6.43,6.055999999999998,12941794.0
2016-02-28,433.5,429.53200000000015,58990940.0,6.47,6.231999999999998,12236006.0
2016-02-29,437.7,432.08200000000016,57581140.0,6.34,6.251999999999998,11480310.0
2016-03-01,435.12,434.19800000000015,58400700.0,7.65,6.561999999999998,11805570.0
2016-03-02,423.99,432.5660000000001,61094560.0,8.47,7.071999999999997,15726238.0
2016-03-03,421.65,430.3920000000001,72812640.0,9.29,7.643999999999997,22008576.0
2016-03-04,410.94,425.8800000000001,80377180.0,10.41,8.431999999999997,27142264.0
2016-03-05,400.57,418.4540000000002,95315240.0,11.0,9.363999999999995,36900580.0
2016-03-06,407.71,412.9720000000002,98578580.0,11.38,10.109999999999996,40103360.0
2016-03-07,414.32,411.0380000000003,100740000.0,9.55,10.325999999999997,41094340.0
2016-03-08,413.97,409.5020000000003,94705540.0,9.85,10.437999999999997,38136220.0
2016-03-09,414.86,410.28600000000034,90536780.0,11.9,10.735999999999999,36540300.0
2016-03-10,417.13,413.5980000000003,79664360.0,11.3,10.795999999999998,30622680.0
2016-03-11,421.69,416.39400000000035,76215800.0,11.08,10.735999999999997,27000820.0
2016-03-12,411.62,415.85400000000027,77605900.0,13.53,11.531999999999996,29975260.0
2016-03-13,414.06,415.8720000000003,78408120.0,14.47,12.455999999999996,33653420.0
2016-03-14,416.44,416.1880000000003,83457540.0,12.45,12.565999999999995,39822340.0
2016-03-15,416.83,416.12800000000027,80609300.0,13.01,12.907999999999996,40132940.0
2016-03-16,417.01,415.1920000000003,78852520.0,12.52,13.195999999999994,40799500.0
2016-03-17,420.62,416.9920000000003,77015660.0,11.08,12.705999999999994,39338160.0
2016-03-18,409.55,416.0900000000003,83139100.0,11.0,12.011999999999995,41346500.0
2016-03-19,410.44,414.8900000000003,75771820.0,10.53,11.627999999999995,35016620.0
2016-03-20,413.75,414.27400000000034,71605060.0,10.32,11.089999999999996,32865940.0
2016-03-21,413.31,413.5340000000004,70898980.0,11.86,10.957999999999995,33713360.0
2016-03-22,418.09,413.0280000000004,67555920.0,11.27,10.995999999999995,29329300.0
2016-03-23,418.04,414.7260000000004,58856760.0,12.42,11.279999999999996,22408580.0
2016-03-24,416.39,415.91600000000034,60841500.0,11.23,11.419999999999996,22277800.0
2016-03-25,417.18,416.6020000000003,62163920.0,10.74,11.503999999999994,21503980.0
2016-03-26,417.94,417.52800000000036,58762920.0,10.97,11.325999999999997,17674556.0
2016-03-27,426.76,419.2620000000003,59646140.0,10.42,11.155999999999997,17077456.0
2016-03-28,424.23,420.5000000000003,61061860.0,11.67,11.005999999999997,17844476.0
2016-03-29,416.52,420.5260000000003,62474820.0,11.66,11.091999999999995,16164956.0
2016-03-30,414.82,420.05400000000037,65169640.0,11.95,11.333999999999996,17278796.0
2016-03-31,416.73,419.81200000000035,68282600.0,11.4,11.419999999999996,18387040.0
2016-04-01,417.96,418.0520000000004,64283860.0,11.66,11.667999999999996,17312700.0
2016-04-02,420.87,417.3800000000004,59715540.0,11.6,11.653999999999993,14411564.0
2016-04-03,420.9,418.2560000000004,52243980.0,11.62,11.645999999999995,11990834.0
2016-04-04,421.44,419.5800000000004,49164020.0,11.16,11.487999999999994,10040408.0
2016-04-05,424.03,421.0400000000004,49264580.0,10.44,11.295999999999994,11158528.0
2016-04-06,423.41,422.1300000000004,50835640.0,10.69,11.101999999999995,12283328.0
2016-04-07,422.75,422.5060000000004,53271120.0,10.07,10.795999999999996,13239704.0
2016-04-08,420.35,422.39600000000036,58351320.0,9.72,10.415999999999997,15055714.0
2016-04-09,419.41,421.99000000000035,58183000.0,9.15,10.013999999999996,16374860.0
2016-04-10,421.56,421.49600000000027,60735120.0,8.94,9.713999999999995,20786080.0
2016-04-11,422.48,421.3100000000003,59066420.0,8.64,9.303999999999997,20414280.0
2016-04-12,425.19,421.79800000000034,61640460.0,7.44,8.777999999999995,22359400.0
2016-04-13,423.73,422.47400000000033,62761600.0,8.04,8.441999999999997,25707940.0
2016-04-14,424.28,423.4480000000003,61859260.0,8.39,8.289999999999996,25187120.0
2016-04-15,429.71,425.0780000000003,58123840.0,8.24,8.149999999999997,19100240.0
2016-04-16,430.57,426.69600000000037,55852900.0,8.61,8.143999999999997,18050312.0
2016-04-17,427.4,427.1380000000004,52132320.0,9.31,8.517999999999997,18336212.0
2016-04-18,428.59,428.1100000000004,49454420.0,9.04,8.717999999999998,16272372.0
2016-04-19,435.51,430.3560000000005,50960320.0,8.71,8.781999999999998,16134052.0
2016-04-20,441.39,432.69200000000046,54578040.0,8.47,8.827999999999998,16825192.0
2016-04-21,449.43,436.4640000000004,60340420.0,8.1,8.725999999999997,17518580.0
2016-04-22,445.74,440.1320000000004,61676120.0,7.82,8.427999999999997,15256520.0
2016-04-23,450.28,444.4700000000004,60639020.0,8.29,8.277999999999997,13952740.0
2016-04-24,458.56,449.0800000000005,63716600.0,8.0,8.135999999999997,13530200.0
2016-04-25,461.43,453.0880000000005,66556940.0,7.55,7.951999999999996,14051240.0
2016-04-26,466.09,456.4200000000005,68710380.0,7.4,7.811999999999996,14913620.0
2016-04-27,444.69,456.2100000000006,75662480.0,7.76,7.799999999999995,16102660.0
2016-04-28,449.01,455.9560000000007,80378340.0,7.17,7.575999999999996,15504820.0
2016-04-29,455.1,455.2640000000007,76590360.0,7.46,7.467999999999996,15099956.0
2016-04-30,448.32,452.64200000000073,73036520.0,8.81,7.719999999999997,18766636.0
2016-05-01,451.88,449.80000000000075,65374160.0,8.85,8.009999999999998,18575936.0
2016-05-02,444.67,449.79600000000073,65086580.0,10.16,8.489999999999998,22928876.0
2016-05-03,450.3,450.0540000000008,62146920.0,9.31,8.918,24906456.0
2016-05-04,446.72,448.3780000000009,62376680.0,9.41,9.308,26678520.0
2016-05-05,447.98,448.31000000000085,58600320.0,9.83,9.511999999999999,23023100.0
2016-05-06,459.6,449.85400000000084,65027660.0,9.35,9.611999999999998,23982460.0
2016-05-07,458.54,452.6280000000008,54275160.0,9.37,9.453999999999999,17939920.0
2016-05-08,458.55,454.2780000000008,50464880.0,9.48,9.488,16653340.0
2016-05-09,460.48,457.0300000000008,51482040.0,9.3,9.466,15745920.0
2016-05-10,450.89,457.6120000000008,53185100.0,9.36,9.372,13951038.0
2016-05-11,452.73,456.23800000000085,48746780.0,10.0,9.501999999999999,12702418.0
2016-05-12,454.77,455.48400000000083,53043740.0,10.06,9.64,15368658.0
2016-05-13,455.67,454.9080000000008,57149740.0,10.51,9.846,18617838.0
2016-05-14,455.67,453.9460000000008,53492920.0,10.24,10.034,19762378.0
2016-05-15,457.57,455.2820000000009,47404500.0,9.96,10.154,19741700.0
2016-05-16,454.16,455.56800000000084,49117760.0,11.17,10.388000000000002,22504180.0
2016-05-17,453.78,455.3700000000009,49967960.0,12.2,10.815999999999999,25116380.0
2016-05-18,454.62,455.1600000000009,55168980.0,13.56,11.426,31938980.0
2016-05-19,438.71,451.7680000000008,66932660.0,14.77,12.332,38928880.0
2016-05-20,442.68,448.79000000000076,77627440.0,13.64,13.068000000000001,47194020.0
2016-05-21,443.19,446.5960000000008,74345600.0,14.02,13.638,46307720.0
2016-05-22,439.32,443.7040000000008,69457060.0,14.29,14.055999999999997,42455760.0
2016-05-23,444.15,441.61000000000087,62203540.0,13.46,14.035999999999996,34146340.0
2016-05-24,445.98,443.0640000000009,56154680.0,12.73,13.627999999999997,31706960.0
2016-05-25,449.6,444.4480000000009,52803300.0,12.53,13.405999999999997,27087080.0
2016-05-26,453.38,446.4860000000009,57291600.0,12.43,13.087999999999997,26310200.0
2016-05-27,473.46,453.3140000000009,82316280.0,11.3,12.489999999999997,34221700.0
2016-05-28,530.04,470.4920000000008,108439580.0,11.89,12.175999999999995,38908100.0
2016-05-29,526.23,486.5420000000008,125030360.0,12.35,12.099999999999994,36315660.0
2016-05-30,533.86,503.39400000000086,129575900.0,12.73,12.139999999999995,33773480.0
2016-05-31,531.39,518.9960000000008,144225140.0,14.08,12.469999999999995,38107360.0
2016-06-01,536.92,531.6880000000008,128481300.0,14.0,13.009999999999994,31102340.0
2016-06-02,537.97,533.2740000000009,104317140.0,13.74,13.379999999999992,23742820.0
2016-06-03,569.19,541.8660000000009,98973740.0,13.85,13.679999999999993,22619440.0
2016-06-04,572.73,549.6400000000009,100367060.0,13.74,13.88199999999999,22831160.0
2016-06-05,574.98,558.3580000000009,86451880.0,13.97,13.85999999999999,16562160.0
2016-06-06,585.54,568.0820000000009,83667300.0,13.93,13.845999999999993,13811980.0
2016-06-07,576.6,575.8080000000009,93145660.0,14.51,13.999999999999995,16000860.0
2016-06-08,581.64,578.2980000000009,84794820.0,14.42,14.113999999999995,14792920.0
2016-06-09,574.63,578.6780000000009,80069960.0,14.4,14.245999999999999,13285806.0
2016-06-10,577.47,579.1760000000008,79693520.0,13.91,14.233999999999998,13330706.0
2016-06-11,606.73,583.4140000000009,81737140.0,14.19,14.285999999999996,14021926.0
2016-06-12,672.78,602.6500000000008,115600140.0,15.74,14.531999999999993,17379666.0
2016-06-13,704.38,627.1980000000009,148205980.0,17.6,15.167999999999992,21595986.0
2016-06-14,685.56,649.3840000000008,171284580.0,18.89,16.065999999999992,32827060.0
2016-06-15,694.47,672.7840000000008,177730960.0,18.35,16.95399999999999,34443160.0
2016-06-16,766.31,704.7000000000006,215586360.0,20.59,18.23399999999999,39714060.0
2016-06-17,748.91,719.9260000000007,232833560.0,15.38,18.161999999999992,71953600.0
2016-06-18,756.23,730.2960000000008,234718160.0,11.33,16.907999999999994,91136320.0
2016-06-19,763.78,745.9400000000007,224616360.0,12.23,15.575999999999993,92210600.0
2016-06-20,737.23,754.4920000000008,239673800.0,11.84,14.273999999999996,99960640.0
2016-06-21,666.65,734.5600000000006,247335800.0,13.31,12.817999999999994,106103560.0
2016-06-22,596.12,704.0020000000007,227950200.0,13.1,12.361999999999993,85620780.0
2016-06-23,623.98,677.5520000000007,228099000.0,13.68,12.831999999999994,64994660.0
2016-06-24,665.3,657.8560000000007,245725400.0,14.33,13.251999999999992,57704520.0
2016-06-25,665.12,643.4340000000007,236154400.0,14.28,13.739999999999991,49152420.0
2016-06-26,629.37,635.9780000000006,196010600.0,13.85,13.84799999999999,38252820.0
2016-06-27,655.27,647.8080000000007,167158800.0,13.88,14.00399999999999,21052940.0
2016-06-28,647.0,652.4120000000006,144143400.0,12.18,13.70399999999999,23578980.0
2016-06-29,639.89,647.3300000000006,127771200.0,12.61,13.35999999999999,22308960.0
2016-06-30,673.34,648.9740000000007,130236000.0,12.46,12.995999999999992,22392600.0
2016-07-01,676.3,658.3600000000008,135277200.0,12.2,12.665999999999993,22890380.0
2016-07-02,703.7,668.0460000000007,133321200.0,12.13,12.315999999999992,22488854.0
2016-07-03,658.66,670.3780000000007,131546600.0,11.72,12.223999999999993,15919274.0
2016-07-04,683.66,679.1320000000007,121457080.0,11.47,11.995999999999995,13111414.0
2016-07-05,670.63,678.5900000000007,119756280.0,10.61,11.625999999999994,19056534.0
2016-07-06,677.33,678.7960000000006,119862280.0,10.53,11.291999999999993,19236694.0
2016-07-07,640.56,666.1680000000006,149009680.0,10.11,10.887999999999993,20520720.0
2016-07-08,666.52,667.7400000000006,151501280.0,11.39,10.821999999999992,22410940.0
2016-07-09,650.96,661.2000000000006,169206800.0,10.97,10.72199999999999,23273200.0
2016-07-10,649.36,656.9460000000006,163618000.0,10.95,10.789999999999992,15263668.0
2016-07-11,647.66,651.0120000000006,158207800.0,10.46,10.775999999999993,14255808.0
2016-07-12,664.55,655.8100000000006,134224200.0,10.52,10.857999999999993,13399908.0
2016-07-13,654.47,653.4000000000007,132120000.0,10.5,10.679999999999993,10735080.0
2016-07-14,658.08,654.8240000000006,115715080.0,11.51,10.787999999999993,12008500.0
2016-07-15,663.25,657.6020000000005,111543300.0,11.95,10.987999999999994,16280432.0
2016-07-16,660.77,660.2240000000006,100027340.0,11.65,11.225999999999996,15749972.0
2016-07-17,679.46,663.2060000000007,87274320.0,11.16,11.353999999999996,17108752.0
2016-07-18,673.11,666.9340000000008,74877520.0,11.03,11.459999999999997,18952000.0
2016-07-19,672.86,669.8900000000008,67415900.0,11.62,11.481999999999998,18573620.0
2016-07-20,665.68,670.3760000000008,70008560.0,12.45,11.581999999999997,25251060.0
2016-07-21,665.01,671.2240000000008,72040880.0,12.65,11.781999999999998,28089300.0
2016-07-22,650.62,665.4560000000008,83993100.0,14.66,12.482,39460880.0
2016-07-23,655.56,661.9460000000007,84006540.0,14.3,13.136,42772440.0
2016-07-24,661.28,659.6300000000008,95402680.0,12.75,13.361999999999998,53976600.0
2016-07-25,654.1,657.3140000000008,92110700.0,13.84,13.639999999999997,49266140.0
2016-07-26,651.78,654.6680000000008,125039340.0,11.99,13.507999999999996,63224520.0
2016-07-27,654.35,655.4140000000008,127697740.0,12.97,13.169999999999996,59924380.0
2016-07-28,655.03,655.3080000000008,131076980.0,12.84,12.877999999999997,58347220.0
2016-07-29,656.99,654.450000000001,119580880.0,12.79,12.885999999999996,45613520.0
2016-07-30,655.05,654.640000000001,111636800.0,12.46,12.609999999999996,40088322.0
2016-07-31,624.68,649.2200000000009,88773400.0,11.88,12.587999999999996,26290842.0
2016-08-01,606.27,639.604000000001,83658600.0,10.94,12.181999999999997,19434982.0
2016-08-02,547.47,618.0920000000011,132559520.0,8.79,11.371999999999996,32274862.0
2016-08-03,566.36,599.966000000001,162015220.0,10.29,10.871999999999996,40254282.0
2016-08-04,578.29,584.614000000001,179382400.0,11.04,10.587999999999996,46075000.0
2016-08-05,575.04,574.6860000000011,170444380.0,10.93,10.397999999999994,44084300.0
2016-08-06,587.78,570.9880000000011,162226440.0,10.88,10.385999999999996,42626920.0
2016-08-07,592.69,580.0320000000011,112519520.0,10.91,10.809999999999995,28176460.0
2016-08-08,591.05,584.970000000001,83161940.0,11.25,11.001999999999997,20371920.0
2016-08-09,587.8,586.872000000001,76549160.0,12.24,11.241999999999997,20072960.0
2016-08-10,592.1,590.284000000001,83904580.0,12.14,11.483999999999998,22594640.0
2016-08-11,589.12,590.5520000000009,82648000.0,11.69,11.645999999999999,22753120.0
2016-08-12,587.56,589.526000000001,80011920.0,11.78,11.819999999999999,22180940.0
2016-08-13,585.59,588.4340000000009,76485700.0,11.57,11.883999999999997,20697498.0
2016-08-14,570.47,584.968000000001,70210300.0,11.19,11.673999999999996,15102210.0
2016-08-15,567.24,579.9960000000009,61081760.0,11.22,11.489999999999998,10983118.0
2016-08-16,577.44,577.660000000001,57859920.0,11.14,11.379999999999999,8892420.0
2016-08-17,573.22,574.792000000001,54904920.0,10.75,11.173999999999998,7921152.0
2016-08-18,574.32,572.538000000001,58171640.0,10.76,11.011999999999999,7800414.0
2016-08-19,575.63,573.570000000001,56127740.0,10.75,10.924000000000001,7142552.0
2016-08-20,581.7,576.462000000001,53735560.0,11.25,10.930000000000001,7131092.0
2016-08-21,581.31,577.236000000001,49714400.0,11.18,10.938000000000002,6591922.0
2016-08-22,586.75,579.9420000000009,53394600.0,11.12,11.012000000000004,6142954.0
2016-08-23,583.41,581.7600000000009,58485120.0,11.03,11.066000000000004,6053670.0
2016-08-24,580.18,582.6700000000008,59624440.0,11.04,11.124000000000004,5860184.0
2016-08-25,577.76,581.8820000000009,77790160.0,11.36,11.146000000000004,6081952.0
2016-08-26,579.65,581.5500000000009,79901640.0,11.3,11.170000000000003,6382390.0
2016-08-27,569.95,578.1900000000009,77272500.0,11.15,11.176000000000004,8086286.0
2016-08-28,573.91,576.2900000000009,77462980.0,10.93,11.156000000000002,7849018.0
2016-08-29,574.11,575.0760000000009,88276940.0,10.98,11.144000000000004,8590442.0
2016-08-30,577.5,575.0240000000009,75119420.0,11.23,11.118000000000004,8324218.0
2016-08-31,575.47,574.1880000000009,80516240.0,11.67,11.192000000000004,9367388.0
2016-09-01,572.3,574.6580000000009,83961260.0,11.99,11.360000000000003,11156008.0
2016-09-02,575.54,574.984000000001,82683100.0,12.11,11.596000000000005,11969060.0
2016-09-03,598.21,579.8040000000009,92406300.0,11.76,11.752000000000004,13014712.0
2016-09-04,608.63,586.0300000000009,97926400.0,11.68,11.842000000000004,13014570.0
2016-09-05,606.59,592.254000000001,99247580.0,11.72,11.852000000000004,11944650.0
2016-09-06,610.44,599.8820000000011,99568720.0,11.69,11.792000000000003,8403616.0
2016-09-07,614.54,607.682000000001,98593040.0,11.55,11.680000000000003,7752966.0
2016-09-08,626.32,613.3040000000011,84132840.0,11.35,11.598000000000003,7388206.0
2016-09-09,622.86,616.1500000000011,77454300.0,11.65,11.592000000000002,7165936.0
2016-09-10,623.51,619.5340000000011,69968300.0,12.17,11.682000000000002,7465176.0
2016-09-11,606.72,618.7900000000011,68984640.0,11.64,11.672000000000002,7954146.0
2016-09-12,608.24,617.5300000000012,68540620.0,11.89,11.740000000000004,8226752.0
2016-09-13,609.24,614.1140000000012,68582140.0,11.92,11.854000000000003,8260612.0
2016-09-14,610.68,611.678000000001,65247640.0,11.92,11.908000000000003,8177736.0
2016-09-15,607.15,608.4060000000011,68137200.0,11.94,11.862000000000004,8195494.0
2016-09-16,606.97,608.456000000001,66407720.0,12.56,12.046000000000003,9921558.0
2016-09-17,605.98,608.004000000001,59273320.0,12.7,12.208000000000004,9915264.0
2016-09-18,609.87,608.130000000001,51625080.0,12.43,12.310000000000006,12061064.0
2016-09-19,609.23,607.840000000001,53008820.0,13.19,12.564000000000004,13689860.0
2016-09-20,608.31,608.072000000001,55658080.0,14.43,13.062000000000006,18613862.0
2016-09-21,597.15,606.1080000000011,59220640.0,13.77,13.304000000000006,20858562.0
2016-09-22,596.3,604.1720000000012,65209640.0,13.25,13.414000000000005,24845800.0
2016-09-23,602.84,602.7660000000012,65687160.0,13.33,13.594000000000005,22192426.0
2016-09-24,602.63,601.4460000000012,61799780.0,12.88,13.532000000000005,21389642.0
2016-09-25,600.83,599.9500000000012,54053160.0,13.1,13.266000000000002,16060510.0
2016-09-26,608.04,602.1280000000012,49328680.0,12.82,13.076000000000002,11774124.0
2016-09-27,606.17,604.1020000000011,45796100.0,13.1,13.046000000000001,7663778.0
2016-09-28,604.73,604.4800000000012,45327220.0,13.27,13.034,7878292.0
2016-09-29,605.69,605.0920000000011,49387040.0,13.07,13.072000000000003,7111442.0
2016-09-30,609.74,606.874000000001,53815960.0,13.22,13.096000000000004,7244922.0
2016-10-01,613.98,608.062000000001,53256600.0,13.17,13.166000000000002,7068540.0
2016-10-02,610.89,609.006000000001,51222080.0,13.2,13.186000000000003,6518258.0
2016-10-03,612.13,610.486000000001,50837220.0,13.45,13.222000000000005,5962122.0
2016-10-04,610.2,611.388000000001,49665820.0,13.28,13.264000000000005,6433652.0
2016-10-05,612.51,611.9420000000011,52056840.0,13.04,13.228000000000003,7219758.0
2016-10-06,613.02,611.7500000000011,52147860.0,12.85,13.164000000000001,8362486.0
2016-10-07,617.12,612.9960000000011,57112180.0,12.67,13.058000000000002,9333164.0
2016-10-08,619.11,614.3920000000011,56221700.0,12.22,12.812000000000001,10163740.0
2016-10-09,616.75,615.7020000000011,54110060.0,12.05,12.565999999999999,9935780.0
2016-10-10,618.99,616.9980000000011,53990780.0,11.76,12.31,10121346.0
2016-10-11,641.07,622.6080000000011,63346360.0,11.79,12.098,10057926.0
2016-10-12,636.19,626.4220000000012,69006120.0,11.93,11.95,10210244.0
2016-10-13,636.79,629.9580000000011,72861080.0,11.96,11.898000000000001,9621042.0
2016-10-14,640.38,634.6840000000011,76641320.0,11.94,11.876000000000001,9046048.0
2016-10-15,638.65,638.6160000000011,70952180.0,11.98,11.920000000000003,7882576.0
2016-10-16,641.63,638.7280000000011,58293800.0,11.95,11.952000000000002,6260492.0
2016-10-17,639.19,639.3280000000011,51432480.0,12.01,11.968000000000002,5466452.0
2016-10-18,637.96,639.562000000001,52217680.0,12.59,12.094000000000001,7506254.0
2016-10-19,630.52,637.590000000001,54465100.0,12.02,12.110000000000003,8754792.0
2016-10-20,630.86,636.0320000000011,58049480.0,12.1,12.134,9390576.0
2016-10-21,632.83,634.2720000000011,61180060.0,12.18,12.179999999999998,9802504.0
2016-10-22,657.29,637.892000000001,65278640.0,12.07,12.192,10174380.0
2016-10-23,657.07,641.7140000000011,63064220.0,12.04,12.081999999999999,7556472.0
2016-10-24,653.76,646.3620000000011,61631520.0,11.97,12.072,6589170.0
2016-10-25,657.59,651.7080000000011,68315820.0,11.41,11.934,8818218.0
2016-10-26,678.3,660.8020000000012,74901040.0,11.53,11.803999999999998,9727194.0
2016-10-27,688.31,667.0060000000011,78410800.0,11.5,11.689999999999996,10861510.0
2016-10-28,689.65,673.5220000000011,83744980.0,11.09,11.499999999999996,12500878.0
2016-10-29,714.48,685.6660000000011,98253540.0,10.44,11.193999999999997,16767020.0
2016-10-30,701.86,694.520000000001,100310780.0,11.18,11.147999999999996,16242800.0
2016-10-31,700.97,699.054000000001,101948240.0,11.0,11.041999999999996,16877220.0
2016-11-01,729.79,707.350000000001,108832580.0,10.77,10.895999999999995,18806400.0
2016-11-02,740.83,717.586000000001,109576520.0,10.75,10.827999999999994,18350440.0
2016-11-03,688.7,712.4300000000011,117185920.0,10.8,10.899999999999995,15982080.0
2016-11-04,703.24,712.7060000000012,117034460.0,11.09,10.881999999999994,14634708.0
2016-11-05,703.42,713.196000000001,108372040.0,11.0,10.881999999999994,13056462.0
2016-11-06,711.52,709.542000000001,94247080.0,10.87,10.901999999999996,9613944.0
2016-11-07,703.13,702.0020000000011,90283460.0,10.81,10.913999999999996,8474100.0
2016-11-08,709.85,706.2320000000012,71654020.0,10.83,10.919999999999996,6680010.0
2016-11-09,723.27,710.2380000000012,78158280.0,10.66,10.833999999999994,7609722.0
2016-11-10,715.53,712.6600000000011,81169380.0,10.52,10.737999999999994,7359984.0
2016-11-11,716.41,713.638000000001,81812880.0,10.29,10.621999999999995,7433502.0
2016-11-12,705.05,714.0220000000011,81727960.0,9.88,10.435999999999995,8245506.0
2016-11-13,702.03,712.458000000001,81859420.0,10.1,10.289999999999996,8639430.0
2016-11-14,705.02,708.808000000001,67972220.0,9.97,10.151999999999996,6432760.0
2016-11-15,711.62,708.0260000000011,68618360.0,10.22,10.091999999999995,6893474.0
2016-11-16,744.2,713.5840000000011,84253220.0,10.06,10.045999999999996,7588924.0
2016-11-17,740.98,720.770000000001,93044520.0,9.99,10.067999999999996,6975364.0
2016-11-18,751.59,730.682000000001,94453520.0,9.48,9.943999999999996,7493030.0
2016-11-19,751.62,740.0020000000011,103976520.0,9.66,9.881999999999996,7815688.0
2016-11-20,731.03,743.8840000000012,120392020.0,9.58,9.753999999999996,7538862.0
2016-11-21,739.25,742.8940000000011,104293700.0,9.62,9.665999999999995,6364794.0
2016-11-22,751.35,744.9680000000012,108559100.0,9.91,9.649999999999995,7224734.0
2016-11-23,744.59,743.5680000000011,106395240.0,9.84,9.721999999999994,6023976.0
2016-11-24,740.29,741.3020000000012,101457500.0,9.23,9.635999999999996,8184228.0
2016-11-25,741.65,743.4260000000011,84195820.0,9.4,9.599999999999996,8683488.0
2016-11-26,735.38,742.6520000000012,83027880.0,9.33,9.541999999999996,8652044.0
2016-11-27,732.03,738.7880000000011,67567040.0,9.0,9.359999999999996,8136696.0
2016-11-28,735.81,737.0320000000011,64636000.0,8.72,9.135999999999996,8383612.0
2016-11-29,735.6,736.0940000000012,61154360.0,8.17,8.923999999999996,8586132.0
2016-11-30,745.69,736.9020000000011,64407000.0,8.59,8.761999999999997,9177508.0
2016-12-01,756.77,741.180000000001,69506840.0,8.45,8.585999999999995,9652778.0
2016-12-02,777.94,750.3620000000012,84507480.0,7.76,8.337999999999996,11627206.0
2016-12-03,771.15,757.4300000000011,86039220.0,7.92,8.177999999999995,12840248.0
2016-12-04,773.87,765.0840000000012,84448580.0,7.44,8.031999999999995,11130326.0
2016-12-05,758.7,767.6860000000013,88907020.0,6.82,7.677999999999995,12473906.0
2016-12-06,764.22,769.1760000000012,96058240.0,7.87,7.561999999999995,21431678.0
2016-12-07,768.13,767.2140000000011,89822460.0,8.38,7.6859999999999955,22161638.0
2016-12-08,770.81,767.1460000000011,91935380.0,8.23,7.747999999999996,22947758.0
2016-12-09,772.79,766.9300000000012,93564860.0,8.45,7.9499999999999975,23840860.0
2016-12-10,774.65,770.1200000000011,83060880.0,8.13,8.211999999999998,21993634.0
2016-12-11,769.73,771.222000000001,71279960.0,8.19,8.275999999999998,12968494.0
2016-12-12,780.09,773.614000000001,67308940.0,8.52,8.303999999999998,10346514.0
2016-12-13,780.56,775.564000000001,67615680.0,8.42,8.341999999999999,8035212.0
2016-12-14,781.48,777.3020000000009,69070420.0,8.27,8.305999999999997,6919396.0
2016-12-15,778.09,777.9900000000009,74617820.0,7.83,8.245999999999997,7934602.0
2016-12-16,784.91,781.026000000001,79876780.0,7.86,8.179999999999996,7861224.0
2016-12-17,790.83,783.1740000000011,80360540.0,7.88,8.051999999999998,7737808.0
2016-12-18,790.53,785.168000000001,76136300.0,7.87,7.9419999999999975,8018574.0
2016-12-19,792.71,787.4140000000009,75917780.0,7.64,7.815999999999997,7730082.0
2016-12-20,800.88,791.9720000000009,79527620.0,7.66,7.7819999999999965,6355912.0
2016-12-21,834.28,801.8460000000008,93921180.0,7.91,7.791999999999996,7198900.0
2016-12-22,864.54,816.5880000000009,118128620.0,7.58,7.731999999999995,8773716.0
2016-12-23,921.98,842.8780000000008,161136540.0,7.17,7.591999999999996,11518332.0
2016-12-24,898.82,864.1000000000007,173704660.0,7.27,7.517999999999995,11864584.0
2016-12-25,896.18,883.1600000000008,182511800.0,7.18,7.421999999999994,12336242.0
2016-12-26,907.61,897.8260000000007,176150800.0,7.27,7.293999999999994,11624894.0
2016-12-27,933.2,911.5580000000007,169607000.0,7.17,7.211999999999994,10105276.0
2016-12-28,975.92,922.3460000000007,161820200.0,7.52,7.281999999999994,9673316.0
2016-12-29,973.5,937.2820000000007,174138800.0,8.28,7.483999999999995,13656872.0
2016-12-30,961.24,950.2940000000006,182900600.0,8.16,7.679999999999994,14704484.0
2016-12-31,963.74,961.5200000000007,177973420.0,7.97,7.819999999999993,15350482.0
2017-01-01,998.33,974.5460000000006,174066820.0,8.17,8.019999999999992,16541100.0
2017-01-02,1021.75,983.7120000000007,171177820.0,8.38,8.191999999999993,15966360.0
2017-01-03,1043.84,997.7800000000007,168347420.0,9.73,8.481999999999994,17182640.0
2017-01-04,1154.73,1036.4780000000005,199841820.0,11.25,9.099999999999994,22610900.0
2017-01-05,1013.38,1046.4060000000006,282054600.0,10.25,9.555999999999994,29109020.0
2017-01-06,902.2,1027.1800000000007,322874800.0,10.25,9.971999999999994,32057040.0
2017-01-07,908.59,1004.5480000000007,334347800.0,9.87,10.269999999999992,33771840.0
2017-01-08,911.2,978.0200000000007,329057200.0,10.29,10.381999999999994,30382120.0
2017-01-09,902.83,927.6400000000006,288443400.0,10.33,10.197999999999993,27315540.0
2017-01-10,907.68,906.5000000000006,209565200.0,10.55,10.257999999999992,21180000.0
2017-01-11,777.76,881.6120000000006,201375800.0,9.72,10.151999999999992,20650340.0
2017-01-12,804.83,860.8600000000006,189931000.0,9.86,10.149999999999993,22110380.0
2017-01-13,823.98,843.4160000000005,191981600.0,9.77,10.045999999999994,23788380.0
2017-01-14,818.41,826.5320000000005,182218860.0,9.65,9.909999999999993,22661880.0
2017-01-15,821.8,809.3560000000006,173259980.0,9.9,9.779999999999992,23453520.0
2017-01-16,831.53,820.1100000000006,127625220.0,9.64,9.763999999999992,21076300.0
2017-01-17,907.94,840.7320000000007,114179020.0,10.3,9.851999999999993,18663920.0
2017-01-18,886.62,853.2600000000006,125520820.0,10.23,9.943999999999994,15808240.0
2017-01-19,899.07,869.3920000000005,128033160.0,10.4,10.093999999999994,13460590.0
2017-01-20,895.03,884.0380000000005,131176120.0,10.6,10.233999999999995,12691570.0
2017-01-21,921.79,902.0900000000005,136856680.0,10.91,10.487999999999994,12091610.0
2017-01-22,924.67,905.4360000000004,129152280.0,10.7,10.567999999999994,10148954.0
2017-01-23,921.01,912.3140000000005,98734600.0,10.82,10.685999999999996,9444756.0
2017-01-24,892.69,911.0380000000005,99879400.0,10.63,10.731999999999996,9440712.0
2017-01-25,901.54,912.3400000000005,106699920.0,10.57,10.725999999999996,8592442.0
2017-01-26,917.59,911.5000000000006,110859920.0,10.59,10.661999999999995,7897926.0
2017-01-27,919.75,910.5160000000005,112664120.0,10.54,10.629999999999995,7600036.0
2017-01-28,921.59,910.6320000000005,111742320.0,10.56,10.577999999999996,7462734.0
2017-01-29,919.5,915.9940000000006,101642860.0,10.48,10.547999999999995,6735258.0
2017-01-30,920.38,919.7620000000006,93122120.0,10.57,10.547999999999995,6993404.0
2017-01-31,970.4,930.3240000000005,99646920.0,10.73,10.575999999999993,7630140.0
2017-02-01,989.02,944.1780000000006,104550120.0,10.73,10.613999999999994,8762746.0
2017-02-02,1011.8,962.2200000000006,119918400.0,10.82,10.665999999999993,9481106.0
2017-02-03,1029.91,984.3020000000006,148003660.0,11.11,10.791999999999993,11122676.0
2017-02-04,1042.9,1008.8060000000007,163371000.0,11.43,10.963999999999992,12342140.0
2017-02-05,1027.34,1020.1940000000008,153296200.0,11.35,11.08799999999999,11200992.0
2017-02-06,1038.15,1030.020000000001,145626600.0,11.39,11.21999999999999,9769640.0
2017-02-07,1061.35,1039.9300000000007,145663800.0,11.52,11.359999999999989,9261068.0
2017-02-08,1063.07,1046.5620000000008,145779200.0,11.43,11.423999999999989,8619234.0
2017-02-09,994.38,1036.8580000000009,196210400.0,11.03,11.34399999999999,9471394.0
2017-02-10,988.67,1029.124000000001,211459200.0,11.28,11.329999999999988,10665642.0
2017-02-11,1004.45,1022.3840000000007,209559000.0,11.35,11.321999999999989,11035458.0
2017-02-12,999.18,1009.9500000000007,193863600.0,11.4,11.297999999999991,10762510.0
2017-02-13,990.64,995.4640000000009,173614000.0,11.27,11.26599999999999,10268088.0
2017-02-14,1004.55,997.4980000000008,119759200.0,13.03,11.665999999999988,15170328.0
2017-02-15,1007.48,1001.2600000000009,99620680.0,12.92,11.99399999999999,16480428.0
2017-02-16,1027.44,1005.8580000000011,103623880.0,12.9,12.30399999999999,22572044.0
2017-02-17,1046.21,1015.264000000001,117412680.0,12.68,12.55999999999999,23646364.0
2017-02-18,1054.42,1028.020000000001,117105980.0,12.81,12.86799999999999,24077062.0
2017-02-19,1047.87,1036.6840000000009,105001440.0,12.76,12.81399999999999,17054710.0
2017-02-20,1079.98,1051.184000000001,108945160.0,12.43,12.715999999999989,15960650.0
2017-02-21,1115.3,1068.7560000000012,121863560.0,12.67,12.66999999999999,11396790.0
2017-02-22,1117.44,1083.0020000000013,121788760.0,12.6,12.65399999999999,11141670.0
2017-02-23,1166.72,1105.4620000000014,139864860.0,13.12,12.715999999999989,12172128.0
2017-02-24,1173.68,1130.6240000000014,190532000.0,13.07,12.77799999999999,14527060.0
2017-02-25,1143.84,1143.3960000000013,196628600.0,13.55,13.001999999999992,15634960.0
2017-02-26,1165.2,1153.3760000000013,182552000.0,14.52,13.371999999999991,16659800.0
2017-02-27,1179.97,1165.8820000000014,181646000.0,15.4,13.931999999999993,20921020.0
2017-02-28,1179.97,1168.5320000000015,180746400.0,15.82,14.47199999999999,31112340.0
2017-03-01,1222.5,1178.2960000000014,160406000.0,17.35,15.327999999999992,36182960.0
2017-03-02,1251.01,1199.7300000000014,206068800.0,19.03,16.423999999999992,49201600.0
2017-03-03,1274.99,1221.6880000000015,245919400.0,19.46,17.411999999999992,64312780.0
2017-03-04,1255.15,1236.7240000000015,256259400.0,18.62,18.05599999999999,63447760.0
2017-03-05,1267.12,1254.1540000000014,246093600.0,19.3,18.751999999999992,55715240.0
2017-03-06,1272.83,1264.2200000000014,231013600.0,19.61,19.20399999999999,53216280.0
2017-03-07,1223.54,1258.7260000000012,215609800.0,18.89,19.17599999999999,44085300.0
2017-03-08,1150.0,1233.7280000000014,218982600.0,16.65,18.613999999999987,33773540.0
2017-03-09,1188.49,1220.3960000000013,224785200.0,17.75,18.439999999999987,34588840.0
2017-03-10,1116.72,1190.3160000000014,310719000.0,19.33,18.445999999999987,46726940.0
2017-03-11,1175.83,1170.9160000000015,336651600.0,21.47,18.817999999999987,54070420.0
2017-03-12,1221.38,1170.4840000000015,323835600.0,23.44,19.727999999999987,61401760.0
2017-03-13,1231.92,1186.8680000000015,333370400.0,28.59,22.115999999999985,103638440.0
2017-03-14,1240.0,1197.1700000000014,339975000.0,28.65,24.295999999999985,117714160.0
2017-03-15,1249.61,1223.7480000000014,286776800.0,35.06,27.441999999999986,134281600.0
2017-03-16,1187.81,1226.1440000000014,357826400.0,46.35,32.417999999999985,211335180.0
2017-03-17,1100.23,1201.9140000000011,453711000.0,46.83,37.09599999999998,295916200.0
2017-03-18,973.82,1150.2940000000012,501916000.0,34.16,38.20999999999998,297254600.0
2017-03-19,1036.74,1109.6420000000012,534184400.0,44.74,41.42799999999998,324781200.0
2017-03-20,1054.23,1070.5660000000012,531929400.0,43.39,43.09399999999998,321652600.0
2017-03-21,1120.54,1057.1120000000014,471694000.0,43.15,42.45399999999998,249022080.0
2017-03-22,1049.14,1046.8940000000014,406542400.0,42.34,41.55599999999998,172305680.0
2017-03-23,1038.59,1059.8480000000013,331990000.0,43.68,43.45999999999999,140014480.0
2017-03-24,937.52,1040.0040000000015,348868000.0,53.11,45.13399999999998,151537680.0
2017-03-25,972.78,1023.7140000000014,378722600.0,51.25,46.70599999999998,165209280.0
2017-03-26,966.73,992.9520000000014,371978000.0,50.52,48.17999999999998,168328000.0
2017-03-27,1045.77,992.2780000000012,370316800.0,49.67,49.64599999999997,169333200.0
2017-03-28,1047.15,993.9900000000013,385875200.0,50.77,51.06399999999998,168737460.0
2017-03-29,1039.97,1014.4800000000014,347359200.0,53.13,51.06799999999997,138327860.0
2017-03-30,1026.43,1025.2100000000014,330792400.0,52.21,51.25999999999997,111093200.0
2017-03-31,1071.79,1046.2220000000016,359516200.0,50.04,51.16399999999997,120004600.0
2017-04-01,1080.5,1053.1680000000015,342936000.0,50.7,51.36999999999997,114701380.0
2017-04-02,1102.17,1064.1720000000016,380507000.0,48.75,50.965999999999966,122073120.0
2017-04-03,1143.81,1084.9400000000014,436904200.0,44.36,49.21199999999997,131176120.0
2017-04-04,1133.25,1106.3040000000015,453572400.0,44.64,47.697999999999965,145312580.0
2017-04-05,1124.78,1116.9020000000014,447071800.0,45.3,46.74999999999996,138975980.0
2017-04-06,1182.68,1137.3380000000013,491389400.0,43.24,45.25799999999996,149907600.0
2017-04-07,1176.9,1152.2840000000015,451956400.0,42.16,43.93999999999996,139281740.0
2017-04-08,1175.95,1158.7120000000014,377730000.0,44.31,43.929999999999964,116006900.0
2017-04-09,1187.87,1169.6360000000013,338936600.0,43.27,43.65599999999996,95521900.0
2017-04-10,1187.13,1182.1060000000014,299156400.0,43.44,43.283999999999956,80387600.0
2017-04-11,1205.01,1186.5720000000015,240148400.0,43.41,43.31799999999996,58624260.0
2017-04-12,1200.37,1191.2660000000014,234484400.0,46.29,44.14399999999996,59938460.0
2017-04-13,1169.28,1189.9320000000014,263015800.0,50.22,45.325999999999965,76550700.0
2017-04-14,1167.54,1185.8660000000013,265512600.0,47.57,46.185999999999964,83856980.0
2017-04-15,1172.52,1182.9440000000016,263047800.0,49.1,47.31799999999996,88286240.0
2017-04-16,1182.94,1178.5300000000013,256457600.0,48.72,48.37999999999997,86894340.0
2017-04-17,1193.91,1177.2380000000014,249358400.0,48.3,48.78199999999997,78087860.0
2017-04-18,1211.67,1185.7160000000015,233069400.0,50.71,48.87999999999997,62397560.0
2017-04-19,1210.29,1194.2660000000014,239716200.0,48.31,49.02799999999996,59318880.0
2017-04-20,1229.08,1205.5780000000013,262026000.0,49.67,49.14199999999997,61997500.0
2017-04-21,1222.05,1213.4000000000015,279813200.0,48.22,49.041999999999966,64738400.0
2017-04-22,1231.71,1220.9600000000014,279036000.0,48.55,49.09199999999996,63407260.0
2017-04-23,1207.21,1220.0680000000016,276721400.0,48.49,48.64799999999996,54904360.0
2017-04-24,1250.15,1228.0400000000013,266270400.0,50.03,48.99199999999996,50764280.0
2017-04-25,1265.49,1235.3220000000015,251760000.0,49.89,49.03599999999996,42497020.0
2017-04-26,1281.08,1247.1280000000013,263252800.0,52.72,49.93599999999995,54464160.0
2017-04-27,1317.73,1264.3320000000012,303228200.0,62.17,52.65999999999995,96347640.0
2017-04-28,1316.48,1286.1860000000013,356935800.0,70.16,56.993999999999936,158410040.0
2017-04-29,1321.79,1300.5140000000015,394315800.0,68.38,60.663999999999945,180383520.0
2017-04-30,1347.89,1316.9940000000015,428427600.0,79.02,66.48999999999994,218719600.0
2017-05-01,1421.6,1345.0980000000013,505226200.0,76.3,71.20599999999995,273111200.0
2017-05-02,1452.82,1372.1160000000013,510854400.0,77.26,74.22399999999995,262510800.0
2017-05-03,1490.09,1406.8380000000016,522115800.0,79.72,76.13599999999994,221586000.0
2017-05-04,1537.67,1450.0140000000015,624284400.0,96.98,81.85599999999995,261865800.0
2017-05-05,1555.45,1491.5260000000014,730868600.0,94.4,84.93199999999995,282262400.0
2017-05-06,1578.8,1522.9660000000015,704649800.0,97.81,89.23399999999995,237186400.0
2017-05-07,1596.71,1551.7440000000017,825188200.0,94.01,92.58399999999997,235090800.0
2017-05-08,1723.35,1598.3960000000018,976493000.0,91.42,94.92399999999995,252975200.0
2017-05-09,1755.36,1641.9340000000018,1023367200.0,91.16,93.75999999999995,252292600.0
2017-05-10,1787.13,1688.2700000000018,1017304600.0,89.52,92.78399999999995,215027400.0
2017-05-11,1848.57,1742.224000000002,1060696600.0,89.88,91.19799999999995,211279400.0
2017-05-12,1724.24,1767.7300000000018,992887400.0,88.66,90.12799999999996,203785400.0
2017-05-13,1804.91,1784.0420000000017,840750400.0,90.84,90.01199999999996,175265040.0
2017-05-14,1808.91,1794.7520000000015,694605600.0,90.79,89.93799999999996,115787560.0
2017-05-15,1738.43,1785.0120000000018,657766800.0,92.41,90.51599999999996,120866960.0
2017-05-16,1734.45,1762.188000000002,689677800.0,89.44,90.42799999999995,124779560.0
2017-05-17,1839.09,1785.158000000002,754427000.0,89.86,90.66799999999996,132220760.0
2017-05-18,1888.65,1801.906000000002,817364200.0,96.91,91.88199999999995,153719720.0
2017-05-19,1987.71,1837.6660000000018,961383000.0,129.53,99.62999999999994,265899400.0
2017-05-20,2084.73,1906.9260000000017,1007344400.0,126.52,106.45199999999996,297990600.0
2017-05-21,2041.2,1968.2760000000017,1045107400.0,157.94,120.15199999999996,381605800.0
2017-05-22,2173.4,2035.1380000000015,1220605400.0,174.26,137.03199999999995,582781600.0
2017-05-23,2320.42,2121.4920000000016,1317491200.0,181.95,154.03999999999994,649676000.0
2017-05-24,2443.64,2212.6780000000012,1431109200.0,190.05,166.14399999999995,636489800.0
2017-05-25,2304.98,2256.7280000000014,1720182000.0,174.45,175.72999999999996,758926200.0
2017-05-26,2202.42,2288.972000000001,1843306000.0,160.4,176.22199999999998,803345600.0
2017-05-27,2038.87,2262.0660000000016,1794958000.0,157.76,172.92199999999997,808975600.0
2017-05-28,2155.8,2229.1420000000016,1748636000.0,170.51,170.63399999999996,846428000.0
2017-05-29,2255.61,2191.536000000002,1602485000.0,194.91,171.606,877990800.0
2017-05-30,2175.47,2165.634000000002,1409939000.0,231.91,183.098,1006597400.0
2017-05-31,2286.41,2182.4320000000016,1366209000.0,230.67,197.15200000000002,1102425800.0
2017-06-01,2407.88,2256.2340000000017,1356749000.0,222.24,210.048,1021598600.0
2017-06-02,2488.55,2322.784000000002,1390727000.0,223.78,220.702,971910800.0
2017-06-03,2515.35,2374.732000000002,1494792000.0,224.38,226.59599999999995,913724400.0
2017-06-04,2511.81,2442.000000000002,1477022000.0,245.33,229.27999999999992,747154400.0
2017-06-05,2686.81,2522.0800000000017,1441918000.0,248.46,232.8379999999999,579966400.0
2017-06-06,2863.2,2613.1440000000016,1529204000.0,264.47,241.28399999999993,565692200.0
2017-06-07,2732.16,2661.866000000002,1569340000.0,258.07,248.1419999999999,564115600.0
2017-06-08,2805.62,2719.9200000000014,1522584000.0,261.67,255.5999999999999,555635200.0
2017-06-09,2823.81,2782.3200000000015,1521350000.0,281.74,262.88199999999995,516468400.0
2017-06-10,2947.71,2834.500000000002,1651266000.0,337.67,280.72399999999993,751662400.0
2017-06-11,2958.11,2853.4820000000013,1583824000.0,340.61,295.9519999999999,877995800.0
2017-06-12,2659.63,2838.9760000000015,1794188000.0,401.49,324.6359999999999,1362196000.0
2017-06-13,2717.02,2821.256000000002,1894194000.0,397.54,351.8099999999999,1628573200.0
2017-06-14,2506.37,2757.768000000002,1963716000.0,359.05,367.2719999999999,1771492000.0
2017-06-15,2464.58,2661.142000000002,1965190000.0,361.93,372.1239999999999,1941856000.0
2017-06-16,2518.56,2573.232000000002,1853748000.0,370.23,378.0479999999999,1886468000.0
2017-06-17,2655.88,2572.4820000000013,1646744000.0,379.41,373.63199999999983,1490868600.0
2017-06-18,2548.29,2538.7360000000017,1526236000.0,371.46,368.4159999999998,1328333200.0
2017-06-19,2589.6,2555.3820000000014,1476292000.0,370.06,370.6179999999998,1210851600.0
2017-06-20,2721.79,2606.8240000000014,1441878000.0,359.0,370.0319999999998,922239600.0
2017-06-21,2689.1,2640.9320000000016,1528156000.0,336.87,363.35999999999984,987009600.0
2017-06-22,2705.41,2650.838000000002,1440842000.0,336.37,354.75199999999984,991232400.0
2017-06-23,2744.91,2690.1620000000016,1397373800.0,341.74,348.8079999999998,928933200.0
2017-06-24,2608.72,2693.9860000000017,1304555800.0,323.7,339.5359999999998,926615800.0
2017-06-25,2589.41,2667.510000000001,1165937800.0,303.25,328.3859999999998,959913800.0
2017-06-26,2478.45,2625.3800000000015,1173277800.0,272.69,315.54999999999984,1092249800.0
2017-06-27,2552.45,2594.7880000000014,1251647800.0,293.09,306.8939999999998,1301870400.0
2017-06-28,2574.79,2560.7640000000015,1296158000.0,327.93,304.1319999999998,1594539000.0
2017-06-29,2539.32,2546.8840000000014,1289603800.0,302.88,299.9679999999998,1761538000.0
2017-06-30,2480.84,2525.1700000000014,1229438400.0,294.92,298.3019999999998,1726522000.0
2017-07-01,2434.55,2516.3900000000017,1052765200.0,274.6,298.68399999999986,1528000000.0
2017-07-02,2506.47,2507.194000000002,915556600.0,287.99,297.6639999999999,1357892000.0
2017-07-03,2564.06,2505.0480000000016,871605000.0,282.9,288.65799999999984,1116863600.0
2017-07-04,2601.64,2517.5120000000015,878712400.0,273.3,282.74199999999985,952685800.0
2017-07-05,2601.99,2541.7420000000016,894971000.0,268.77,277.51199999999983,908377000.0
2017-07-06,2608.56,2576.5440000000017,891379600.0,270.55,276.70199999999977,815153000.0
2017-07-07,2518.66,2578.982000000002,914112600.0,245.99,268.3019999999998,727937400.0
2017-07-08,2571.34,2580.438000000002,867956200.0,251.7,262.0619999999998,708647400.0
2017-07-09,2518.44,2563.798000000002,776424200.0,242.14,255.82999999999979,672132800.0
2017-07-10,2372.56,2517.912000000002,810351000.0,215.36,245.14799999999977,701525400.0
2017-07-11,2337.79,2463.758000000002,923911600.0,197.4,230.5179999999998,865099400.0
2017-07-12,2398.84,2439.794000000002,963911200.0,230.77,227.4739999999998,975887000.0
2017-07-13,2357.9,2397.106000000002,984399200.0,209.73,219.07999999999979,990593200.0
2017-07-14,2233.34,2340.086000000002,1055328600.0,199.66,210.58399999999983,1039446000.0
2017-07-15,1998.86,2265.3460000000023,1031810200.0,170.66,201.64399999999983,1014092600.0
2017-07-16,1929.82,2183.7520000000018,1002432200.0,157.36,193.63599999999985,1029280600.0
2017-07-17,2228.41,2149.666000000002,1019302200.0,193.42,186.16599999999985,1114942600.0
2017-07-18,2318.88,2141.862000000002,1154638200.0,234.39,191.09799999999987,1491096800.0
2017-07-19,2273.43,2149.880000000002,1227157600.0,199.7,191.10599999999988,1806978400.0
2017-07-20,2817.6,2313.628000000002,1478288000.0,227.26,202.4259999999999,2089888000.0
2017-07-21,2667.76,2461.216000000002,1539604000.0,218.31,214.6159999999999,1987736000.0
2017-07-22,2810.12,2577.5580000000023,1534678000.0,229.48,221.8279999999999,1777488000.0
2017-07-23,2730.4,2659.8620000000024,1446756000.0,225.95,220.13999999999987,1365559000.0
2017-07-24,2754.86,2756.1480000000024,1371030800.0,224.71,225.14199999999988,986139200.0
2017-07-25,2576.48,2707.9240000000023,1213196800.0,206.71,221.03199999999987,760291200.0
2017-07-26,2529.45,2680.262000000002,1102787600.0,203.95,218.1599999999999,702603600.0
2017-07-27,2671.78,2652.5940000000023,1025182400.0,204.32,213.12799999999987,657608200.0
2017-07-28,2809.01,2668.3160000000025,1086634400.0,193.12,206.56199999999984,640199400.0
2017-07-29,2726.45,2662.6340000000027,1074088800.0,205.79,202.77799999999985,718732200.0
2017-07-30,2757.18,2698.7740000000026,923259400.0,197.98,201.03199999999984,618827000.0
2017-07-31,2875.34,2767.9520000000025,907893600.0,203.87,201.01599999999985,589171400.0
2017-08-01,2718.26,2777.2480000000023,1015006800.0,226.77,205.50599999999986,827580800.0
2017-08-02,2710.67,2757.580000000002,957976800.0,219.95,210.87199999999984,841587800.0
2017-08-03,2804.73,2773.236000000002,958187000.0,225.34,214.78199999999984,788160200.0
2017-08-04,2895.89,2800.978000000002,1017422400.0,223.07,219.7999999999998,776870000.0
2017-08-05,3252.91,2876.492000000002,1234447400.0,256.51,230.3279999999998,929587200.0
2017-08-06,3213.94,2975.6280000000015,1190519400.0,261.57,237.28799999999978,909117200.0
2017-08-07,3378.94,3109.282000000002,1267985400.0,269.18,247.1339999999998,969741400.0
2017-08-08,3419.94,3232.324000000002,1457578000.0,296.77,261.4199999999998,1158780000.0
2017-08-09,3342.47,3321.640000000002,1550946000.0,296.03,276.01199999999983,1578539400.0
2017-08-10,3381.28,3347.314000000002,1464828000.0,295.89,283.8879999999998,1527303400.0
2017-08-11,3650.62,3434.6500000000024,1648060000.0,308.86,293.3459999999998,1421422600.0
2017-08-12,3884.71,3535.8040000000024,1795522000.0,310.6,301.62999999999977,1456607200.0
2017-08-13,4073.26,3666.468000000003,2076788000.0,298.06,301.8879999999998,1429999200.0
2017-08-14,4325.13,3863.0000000000027,2275614000.0,300.1,302.7019999999998,1075161400.0
2017-08-15,4181.93,4023.1300000000033,2624202000.0,289.82,301.48799999999983,1070157400.0
2017-08-16,4376.63,4168.332000000004,2674372000.0,302.27,300.1699999999998,1072970800.0
2017-08-17,4331.69,4257.728000000004,2741126000.0,301.46,298.3419999999998,1032539600.0
2017-08-18,4160.62,4275.200000000003,2697650000.0,295.59,297.84799999999984,945897600.0
2017-08-19,4193.7,4248.9140000000025,2800196000.0,297.47,297.32199999999983,945059800.0
2017-08-20,4087.66,4230.060000000003,2570540000.0,301.43,299.6439999999999,849089200.0
2017-08-21,4001.74,4155.082000000003,2676310000.0,321.59,303.50799999999987,1145354600.0
2017-08-22,4100.52,4108.848000000004,2918486000.0,314.79,306.17399999999986,1230735800.0
2017-08-23,4151.52,4107.028000000004,2804108000.0,317.52,310.55999999999983,1205901800.0
2017-08-24,4334.68,4135.224000000004,2616494000.0,325.61,316.1879999999999,1173394400.0
2017-08-25,4371.6,4192.012000000003,2540134000.0,331.92,322.2859999999999,1211070800.0
2017-08-26,4352.4,4262.144000000003,2282278000.0,333.88,324.7439999999999,824113000.0
2017-08-27,4382.88,4318.616000000004,1836922000.0,347.89,331.3639999999999,683507000.0
2017-08-28,4382.66,4364.844000000003,1754824000.0,347.75,337.40999999999997,691972800.0
2017-08-29,4579.02,4413.712000000003,1844490000.0,370.67,346.4219999999999,796445800.0
2017-08-30,4565.3,4452.452000000003,1886466000.0,378.49,355.7359999999999,911044000.0
2017-08-31,4703.39,4522.650000000003,1973130000.0,383.04,365.56799999999987,949458600.0
2017-09-01,4892.01,4624.476000000003,2185454000.0,387.74,373.53799999999984,997629000.0
2017-09-02,4578.77,4663.698000000003,2338016000.0,348.98,373.7839999999998,1123485200.0
2017-09-03,4582.96,4664.486000000003,2227438000.0,347.48,369.14599999999984,1076732400.0
2017-09-04,4236.31,4598.688000000004,2437334000.0,295.17,352.48199999999986,1170406400.0
2017-09-05,4376.53,4533.316000000003,2587942000.0,312.99,338.47199999999987,1339365600.0
2017-09-06,4597.12,4474.338000000003,2502546000.0,334.34,327.7919999999998,1376287200.0
2017-09-07,4599.88,4478.560000000003,2327042000.0,329.43,323.88199999999983,1223292000.0
2017-09-08,4228.75,4407.7180000000035,2480582000.0,296.5,313.6859999999998,1245794800.0
2017-09-09,4226.06,4405.668000000003,2160362000.0,294.4,313.5319999999998,991181000.0
2017-09-10,4122.94,4354.9500000000035,1956586000.0,288.75,308.6839999999998,820636200.0
2017-09-11,4161.27,4267.780000000004,1833632000.0,294.53,300.7219999999998,723131600.0
2017-09-12,4130.81,4173.966000000004,1837614000.0,291.46,293.1279999999998,730035600.0
2017-09-13,3882.59,4104.734000000004,1741318000.0,277.11,289.24999999999983,694618000.0
2017-09-14,3154.95,3890.512000000004,2007334000.0,213.91,273.1519999999999,825811800.0
2017-09-15,3637.52,3793.4280000000044,2501130000.0,250.46,265.49399999999986,1073286600.0
2017-09-16,3625.04,3686.1820000000043,2553344000.0,246.52,255.89199999999988,1101372600.0
2017-09-17,3582.88,3576.596000000004,2428268000.0,251.75,247.94999999999987,1036234200.0
2017-09-18,4065.2,3613.1180000000045,2373028000.0,293.5,251.2279999999999,1077445800.0
2017-09-19,3924.97,3767.1220000000044,2142562000.0,282.8,265.00599999999986,969909600.0
2017-09-20,3905.95,3820.8080000000045,1555714000.0,283.74,271.66199999999986,667050400.0
2017-09-21,3631.04,3822.0080000000044,1474330000.0,258.58,274.07399999999984,644956200.0
2017-09-22,3630.7,3831.5720000000047,1465466000.0,264.31,276.58599999999984,645482000.0
2017-09-23,3792.4,3777.0120000000047,1262446800.0,286.17,275.11999999999983,510118800.0
2017-09-24,3682.84,3728.5860000000043,1103253800.0,282.48,275.05599999999987,495019200.0
2017-09-25,3926.07,3732.610000000004,1135329800.0,292.33,276.77399999999983,507370600.0
2017-09-26,3892.35,3784.872000000004,1061781800.0,287.44,282.5459999999999,456277600.0
2017-09-27,4200.67,3898.866000000004,1160191800.0,306.47,290.9779999999999,480310200.0
2017-09-28,4174.73,3975.3320000000035,1317033000.0,299.15,293.5739999999999,490502200.0
2017-09-29,4163.07,4071.3780000000033,1436840000.0,291.47,295.3719999999999,484495000.0
2017-09-30,4338.71,4153.906000000004,1403488000.0,301.46,297.1979999999999,454350600.0
2017-10-01,4403.74,4256.184000000004,1436382000.0,302.34,300.1779999999999,446427400.0
2017-10-02,4409.32,4297.914000000004,1385352000.0,297.48,298.3799999999999,404267200.0
2017-10-03,4317.48,4326.4640000000045,1300492000.0,292.46,297.0419999999999,368224400.0
2017-10-04,4229.36,4339.722000000004,1250436000.0,292.66,297.2799999999999,311530600.0
2017-10-05,4328.41,4337.662000000005,1241300000.0,295.86,296.15999999999997,295792200.0
2017-10-06,4370.81,4331.0760000000055,1213646000.0,308.59,297.40999999999997,298288000.0
2017-10-07,4426.89,4334.590000000006,1108685600.0,311.12,300.1379999999999,298840400.0
2017-10-08,4610.48,4393.190000000005,1113855600.0,308.61,303.36799999999994,293137800.0
2017-10-09,4772.02,4501.722000000005,1284249600.0,297.39,304.3139999999999,353450000.0
2017-10-10,4781.99,4592.438000000006,1371323600.0,299.87,305.1159999999999,374641800.0
2017-10-11,4826.48,4683.572000000006,1401791600.0,303.46,304.0899999999999,363738200.0
2017-10-12,5446.91,4887.5760000000055,1778728000.0,304.14,302.69399999999996,400808600.0
2017-10-13,5647.21,5094.922000000005,2239050000.0,338.76,308.724,603047200.0
2017-10-14,5831.79,5306.876000000006,2179108000.0,339.63,317.172,594466200.0
2017-10-15,5678.19,5486.1160000000045,2254888000.0,336.6,324.51800000000003,649606400.0
2017-10-16,5725.59,5665.938000000006,2412046000.0,333.38,330.50200000000007,735354200.0
2017-10-17,5605.51,5697.658000000005,2218038000.0,317.08,333.09000000000003,731827600.0
2017-10-18,5590.69,5686.354000000005,1974796000.0,314.32,328.20200000000006,592178400.0
2017-10-19,5708.52,5661.700000000004,1997098000.0,308.09,321.89400000000006,558832000.0
2017-10-20,6011.45,5728.352000000004,2072776000.0,304.01,315.37600000000003,511085200.0
2017-10-21,6031.6,5789.554000000005,2112582000.0,300.19,308.738,454111000.0
2017-10-22,6008.42,5870.136000000004,2155194000.0,295.45,304.41200000000003,417603600.0
2017-10-23,5930.32,5938.062000000004,2155708000.0,286.95,298.93800000000005,392848000.0
2017-10-24,5526.64,5901.686000000005,2346740000.0,298.33,296.98600000000005,459738200.0
2017-10-25,5750.8,5849.556000000005,2269252000.0,297.93,295.7700000000001,445411600.0
2017-10-26,5904.83,5824.202000000005,2208840000.0,296.53,295.03800000000007,417863400.0
2017-10-27,5780.9,5778.698000000006,2143940000.0,297.42,295.4320000000001,403819800.0
